countrycode,countryname,y1990,y1991,y1992,y1993,y1994,y1995,y1996,y1997,y1998,y1999,y2000,y2001,y2002,y2003,y2004,y2005,y2006,y2007,y2008,y2009,y2010,y2011,y2012,y2013,y2014,y2015
AFG,Afghanistan,NF,NF,NF,NF,NF,NF,NF,NF,NF,NF,NF,NF,NF,NF,NF,PF,PF,PF,NF,NF,NF,NF,NF,NF,NF,NF
ALB,Albania,NF,PF,PF,PF,PF,PF,PF,PF,PF,PF,PF,PF,PF,PF,PF,PF,PF,PF,PF,PF,PF,PF,PF,PF,PF,PF
DZA,Algeria,PF,PF,NF,NF,NF,NF,NF,NF,NF,NF,NF,NF,NF,NF,NF,NF,NF,NF,NF,NF,NF,NF,NF,NF,NF,NF
ADO,Andorra,,,,F,F,F,F,F,F,F,F,F,F,F,F,F,F,F,F,F,F,F,F,F,F,F
AGO,Angola,NF,PF,NF,NF,NF,NF,NF,NF,NF,NF,NF,NF,NF,NF,NF,NF,NF,NF,NF,NF,NF,NF,NF,NF,NF,NF
ATG,Antigua and Barbuda,F,PF,PF,PF,PF,PF,PF,PF,PF,PF,PF,PF,PF,PF,F,F,F,F,F,F,F,F,F,F,F,F
ARG,Argentina,F,F,F,F,F,F,F,F,F,F,F,PF,PF,F,F,F,F,F,F,F,F,F,F,F,F,F
ARM,Armenia,,PF,PF,PF,PF,PF,PF,PF,PF,PF,PF,PF,PF,PF,PF,PF,PF,PF,PF,PF,PF,PF,PF,PF,PF,PF
AUS,Australia,F,F,F,F,F,F,F,F,F,F,F,F,F,F,F,F,F,F,F,F,F,F,F,F,F,F
AUT,Austria,F,F,F,F,F,F,F,F,F,F,F,F,F,F,F,F,F,F,F,F,F,F,F,F,F,F
AZE,Azerbaijan,,PF,PF,NF,NF,NF,NF,PF,PF,PF,PF,PF,PF,NF,NF,NF,NF,NF,NF,NF,NF,NF,NF,NF,NF,NF
BHS,"Bahamas, The",F,F,F,F,F,F,F,F,F,F,F,F,F,F,F,F,F,F,F,F,F,F,F,F,F,F
BHR,Bahrain,PF,PF,PF,NF,NF,NF,NF,NF,NF,NF,NF,NF,PF,PF,PF,PF,PF,PF,PF,NF,NF,NF,NF,NF,NF,NF
BGD,Bangladesh,PF,F,F,PF,PF,PF,PF,PF,PF,PF,PF,PF,PF,PF,PF,PF,PF,PF,PF,PF,PF,PF,PF,PF,PF,PF
BRB,Barbados,F,F,F,F,F,F,F,F,F,F,F,F,F,F,F,F,F,F,F,F,F,F,F,F,F,F
BLR,Belarus,,PF,PF,PF,PF,PF,NF,NF,NF,NF,NF,NF,NF,NF,NF,NF,NF,NF,NF,NF,NF,NF,NF,NF,NF,NF
BEL,Belgium,F,F,F,F,F,F,F,F,F,F,F,F,F,F,F,F,F,F,F,F,F,F,F,F,F,F
BLZ,Belize,F,F,F,F,F,F,F,F,F,F,F,F,F,F,F,F,F,F,F,F,F,F,F,F,F,F
BEN,Benin,PF,F,F,F,F,F,F,F,F,F,F,F,F,F,F,F,F,F,F,F,F,F,F,F,F,F
BTN,Bhutan,PF,PF,NF,NF,NF,NF,NF,NF,NF,NF,NF,NF,NF,NF,NF,NF,NF,NF,PF,PF,PF,PF,PF,PF,PF,PF
BOL,Bolivia,F,F,F,F,F,PF,F,F,F,F,F,F,F,PF,PF,PF,PF,PF,PF,PF,PF,PF,PF,PF,PF,PF
BIH,Bosnia and Herzegovina,,,NF,NF,NF,NF,PF,PF,PF,PF,PF,PF,PF,PF,PF,PF,PF,PF,PF,PF,PF,PF,PF,PF,PF,PF
BWA,Botswana,F,F,F,F,F,F,F,F,F,F,F,F,F,F,F,F,F,F,F,F,F,F,F,F,F,F
BRA,Brazil,F,F,F,PF,PF,PF,PF,PF,PF,PF,PF,PF,F,F,F,F,F,F,F,F,F,F,F,F,F,F
BRN,Brunei Darussalam,NF,NF,NF,NF,NF,NF,NF,NF,NF,NF,NF,NF,NF,NF,NF,NF,NF,NF,NF,NF,NF,NF,NF,NF,NF,NF
BGR,Bulgaria,PF,F,F,F,F,F,F,F,F,F,F,F,F,F,F,F,F,F,F,F,F,F,F,F,F,F
BFA,Burkina Faso,NF,NF,PF,PF,PF,PF,PF,PF,PF,PF,PF,PF,PF,PF,PF,PF,PF,PF,PF,PF,PF,PF,PF,PF,PF,PF
BDI,Burundi,NF,NF,PF,NF,NF,NF,NF,NF,NF,NF,NF,NF,NF,PF,PF,PF,PF,PF,PF,PF,PF,PF,PF,PF,NF,NF
KHM,Cambodia,NF,NF,NF,PF,PF,NF,NF,NF,NF,NF,NF,NF,NF,NF,NF,NF,NF,NF,NF,NF,NF,NF,NF,NF,NF,NF
CMR,Cameroon,NF,NF,NF,NF,NF,NF,NF,NF,NF,NF,NF,NF,NF,NF,NF,NF,NF,NF,NF,NF,NF,NF,NF,NF,NF,NF
CAN,Canada,F,F,F,F,F,F,F,F,F,F,F,F,F,F,F,F,F,F,F,F,F,F,F,F,F,F
CPV,Cabo Verde,PF,F,F,F,F,F,F,F,F,F,F,F,F,F,F,F,F,F,F,F,F,F,F,F,F,F
CAF,Central African Republic,NF,PF,PF,PF,PF,PF,PF,PF,PF,PF,PF,PF,PF,NF,NF,PF,PF,PF,PF,PF,PF,PF,PF,NF,NF,NF
TCD,Chad,NF,NF,NF,NF,NF,NF,NF,NF,NF,NF,NF,NF,NF,NF,NF,NF,NF,NF,NF,NF,NF,NF,NF,NF,NF,NF
CHL,Chile,F,F,F,F,F,F,F,F,F,F,F,F,F,F,F,F,F,F,F,F,F,F,F,F,F,F
CHN,China,NF,NF,NF,NF,NF,NF,NF,NF,NF,NF,NF,NF,NF,NF,NF,NF,NF,NF,NF,NF,NF,NF,NF,NF,NF,NF
COL,Colombia,PF,PF,PF,PF,PF,PF,PF,PF,PF,PF,PF,PF,PF,PF,PF,PF,PF,PF,PF,PF,PF,PF,PF,PF,PF,PF
COM,Comoros,PF,PF,PF,PF,PF,PF,PF,PF,PF,PF,PF,PF,PF,PF,PF,PF,PF,PF,PF,PF,PF,PF,PF,PF,PF,PF
COG,"Congo, Rep.",NF,PF,PF,PF,PF,PF,PF,NF,NF,NF,PF,PF,PF,PF,PF,PF,NF,NF,NF,NF,NF,NF,NF,NF,NF,NF
ZAR,"Congo, Dem. Rep.",NF,NF,NF,NF,NF,NF,NF,NF,NF,NF,NF,NF,NF,NF,NF,NF,NF,NF,NF,NF,NF,NF,NF,NF,NF,NF
CRI,Costa Rica,F,F,F,F,F,F,F,F,F,F,F,F,F,F,F,F,F,F,F,F,F,F,F,F,F,F
CIV,Cote d'Ivoire,PF,PF,PF,NF,NF,NF,NF,NF,NF,PF,PF,PF,NF,NF,NF,NF,NF,NF,NF,NF,NF,NF,PF,PF,PF,PF
HRV,Croatia,,PF,PF,PF,PF,PF,PF,PF,PF,PF,F,F,F,F,F,F,F,F,F,F,F,F,F,F,F,F
CUB,Cuba,NF,NF,NF,NF,NF,NF,NF,NF,NF,NF,NF,NF,NF,NF,NF,NF,NF,NF,NF,NF,NF,NF,NF,NF,NF,NF
CYP,Cyprus,F,F,F,F,F,F,F,F,F,F,F,F,F,F,F,F,F,F,F,F,F,F,F,F,F,F
CZE,Czech Republic,,,,F,F,F,F,F,F,F,F,F,F,F,F,F,F,F,F,F,F,F,F,F,F,F
DNK,Denmark,F,F,F,F,F,F,F,F,F,F,F,F,F,F,F,F,F,F,F,F,F,F,F,F,F,F
DJI,Djibouti,NF,NF,NF,NF,NF,NF,NF,NF,NF,PF,PF,PF,PF,PF,PF,PF,PF,PF,PF,PF,NF,NF,NF,NF,NF,NF
DMA,Dominica,F,F,F,F,F,F,F,F,F,F,F,F,F,F,F,F,F,F,F,F,F,F,F,F,F,F
DOM,Dominican Republic,F,F,F,PF,PF,PF,PF,PF,F,F,F,F,F,F,F,F,F,F,F,F,F,F,F,F,F,PF
TMP,Timor-Leste,,,,,,,,,,PF,PF,PF,PF,PF,PF,PF,PF,PF,PF,PF,PF,PF,PF,PF,PF,PF
ECU,Ecuador,F,F,F,F,F,F,PF,PF,F,F,PF,PF,PF,PF,PF,PF,PF,PF,PF,PF,PF,PF,PF,PF,PF,PF
EGY,"Egypt, Arab Rep.",PF,PF,PF,NF,NF,NF,NF,NF,NF,NF,NF,NF,NF,NF,NF,NF,NF,NF,NF,NF,NF,NF,PF,NF,NF,NF
SLV,El Salvador,PF,PF,PF,PF,PF,PF,PF,F,F,F,F,F,F,F,F,F,F,F,F,F,F,F,F,F,F,F
GNQ,Equatorial Guinea,NF,NF,NF,NF,NF,NF,NF,NF,NF,NF,NF,NF,NF,NF,NF,NF,NF,NF,NF,NF,NF,NF,NF,NF,NF,NF
ERI,Eritrea,,,,NF,NF,PF,PF,PF,PF,NF,NF,NF,NF,NF,NF,NF,NF,NF,NF,NF,NF,NF,NF,NF,NF,NF
EST,Estonia,,F,PF,F,F,F,F,F,F,F,F,F,F,F,F,F,F,F,F,F,F,F,F,F,F,F
ETH,Ethiopia,NF,PF,PF,NF,NF,PF,PF,PF,PF,PF,PF,PF,PF,PF,PF,PF,PF,PF,PF,PF,NF,NF,NF,NF,NF,NF
FJI,Fiji,PF,PF,PF,PF,PF,PF,PF,PF,PF,F,PF,PF,PF,PF,PF,PF,PF,PF,PF,PF,PF,PF,PF,PF,PF,PF
FIN,Finland,F,F,F,F,F,F,F,F,F,F,F,F,F,F,F,F,F,F,F,F,F,F,F,F,F,F
FRA,France,F,F,F,F,F,F,F,F,F,F,F,F,F,F,F,F,F,F,F,F,F,F,F,F,F,F
GAB,Gabon,PF,PF,PF,PF,PF,PF,PF,PF,PF,PF,PF,PF,PF,PF,PF,PF,PF,PF,PF,NF,NF,NF,NF,NF,NF,NF
GMB,"Gambia, The",F,F,F,F,NF,NF,NF,NF,NF,NF,NF,PF,PF,PF,PF,PF,PF,PF,PF,PF,PF,NF,NF,NF,NF,NF
GEO,Georgia,,NF,PF,PF,PF,PF,PF,PF,PF,PF,PF,PF,PF,PF,PF,PF,PF,PF,PF,PF,PF,PF,PF,PF,PF,PF
DEU,Germany,F,F,F,F,F,F,F,F,F,F,F,F,F,F,F,F,F,F,F,F,F,F,F,F,F,F
GHA,Ghana,NF,NF,PF,PF,PF,PF,PF,PF,PF,PF,F,F,F,F,F,F,F,F,F,F,F,F,F,F,F,F
GRC,Greece,F,F,F,F,F,F,F,F,F,F,F,F,F,F,F,F,F,F,F,F,F,F,F,F,F,F
GRD,Grenada,F,F,F,F,F,F,F,F,F,F,F,F,F,F,F,F,F,F,F,F,F,F,F,F,F,F
GTM,Guatemala,PF,PF,PF,PF,PF,PF,PF,PF,PF,PF,PF,PF,PF,PF,PF,PF,PF,PF,PF,PF,PF,PF,PF,PF,PF,PF
GIN,Guinea,NF,NF,PF,NF,NF,NF,NF,NF,NF,NF,NF,NF,NF,NF,NF,NF,NF,NF,NF,NF,PF,PF,PF,PF,PF,PF
GNB,Guinea-Bissau,NF,PF,PF,PF,PF,PF,PF,PF,PF,PF,PF,PF,PF,PF,PF,PF,PF,PF,PF,PF,PF,PF,NF,NF,PF,PF
GUY,Guyana,PF,PF,PF,F,F,F,F,F,F,F,F,F,F,F,F,PF,F,F,F,F,F,F,F,F,F,F
HTI,Haiti,PF,NF,NF,NF,PF,PF,PF,PF,PF,PF,NF,NF,NF,NF,NF,NF,PF,PF,PF,PF,PF,PF,PF,PF,PF,PF
HND,Honduras,F,F,F,PF,PF,PF,PF,F,F,PF,PF,PF,PF,PF,PF,PF,PF,PF,PF,PF,PF,PF,PF,PF,PF,PF
HUN,Hungary,F,F,F,F,F,F,F,F,F,F,F,F,F,F,F,F,F,F,F,F,F,F,F,F,F,F
ISL,Iceland,F,F,F,F,F,F,F,F,F,F,F,F,F,F,F,F,F,F,F,F,F,F,F,F,F,F
IND,India,F,PF,PF,PF,PF,PF,PF,PF,F,F,F,F,F,F,F,F,F,F,F,F,F,F,F,F,F,F
IDN,Indonesia,PF,PF,PF,NF,NF,NF,NF,NF,PF,PF,PF,PF,PF,PF,PF,F,F,F,F,F,F,F,F,PF,PF,PF
IRN,"Iran, Islamic Rep.",NF,NF,NF,NF,NF,NF,NF,NF,NF,NF,NF,NF,NF,NF,NF,NF,NF,NF,NF,NF,NF,NF,NF,NF,NF,NF
IRQ,Iraq,NF,NF,NF,NF,NF,NF,NF,NF,NF,NF,NF,NF,NF,NF,NF,NF,NF,NF,NF,NF,NF,NF,NF,NF,NF,NF
IRL,Ireland,F,F,F,F,F,F,F,F,F,F,F,F,F,F,F,F,F,F,F,F,F,F,F,F,F,F
ISR,Israel,F,F,F,F,F,F,F,F,F,F,F,F,F,F,F,F,F,F,F,F,F,F,F,F,F,F
ITA,Italy,F,F,F,F,F,F,F,F,F,F,F,F,F,F,F,F,F,F,F,F,F,F,F,F,F,F
JAM,Jamaica,F,F,F,F,F,F,F,F,F,F,F,F,F,F,F,F,F,F,F,F,F,F,F,F,F,F
JPN,Japan,F,F,F,F,F,F,F,F,F,F,F,F,F,F,F,F,F,F,F,F,F,F,F,F,F,F
JOR,Jordan,PF,PF,PF,PF,PF,PF,PF,PF,PF,PF,PF,PF,PF,PF,PF,PF,PF,PF,PF,NF,NF,NF,NF,NF,NF,NF
KAZ,Kazakhstan,,PF,PF,PF,NF,NF,NF,NF,NF,NF,NF,NF,NF,NF,NF,NF,NF,NF,NF,NF,NF,NF,NF,NF,NF,NF
KEN,Kenya,NF,NF,PF,NF,NF,NF,NF,NF,NF,NF,NF,NF,PF,PF,PF,PF,PF,PF,PF,PF,PF,PF,PF,PF,PF,PF
KIR,Kiribati,F,F,F,F,F,F,F,F,F,F,F,F,F,F,F,F,F,F,F,F,F,F,F,F,F,F
KWT,Kuwait,NF,NF,PF,PF,PF,PF,PF,PF,PF,PF,PF,PF,PF,PF,PF,PF,PF,PF,PF,PF,PF,PF,PF,PF,PF,PF
KGZ,Kyrgyz Republic,,PF,PF,PF,PF,PF,PF,PF,PF,PF,NF,NF,NF,NF,NF,PF,PF,PF,PF,NF,PF,PF,PF,PF,PF,PF
LAO,Lao PDR,NF,NF,NF,NF,NF,NF,NF,NF,NF,NF,NF,NF,NF,NF,NF,NF,NF,NF,NF,NF,NF,NF,NF,NF,NF,NF
LVA,Latvia,,F,PF,PF,F,F,F,F,F,F,F,F,F,F,F,F,F,F,F,F,F,F,F,F,F,F
LBN,Lebanon,NF,PF,PF,PF,PF,NF,NF,NF,NF,NF,NF,NF,NF,NF,NF,PF,PF,PF,PF,PF,PF,PF,PF,PF,PF,PF
LSO,Lesotho,NF,PF,PF,PF,PF,PF,PF,PF,PF,PF,PF,PF,F,F,F,F,F,F,F,PF,PF,PF,F,F,F,PF
LBR,Liberia,NF,NF,NF,NF,NF,NF,NF,PF,PF,PF,PF,NF,NF,NF,PF,PF,PF,PF,PF,PF,PF,PF,PF,PF,PF,PF
LBY,Libya,NF,NF,NF,NF,NF,NF,NF,NF,NF,NF,NF,NF,NF,NF,NF,NF,NF,NF,NF,NF,NF,NF,PF,PF,NF,NF
LIE,Liechtenstein,,,F,F,F,F,F,F,F,F,F,F,F,F,F,F,F,F,F,F,F,F,F,F,F,F
LTU,Lithuania,,F,F,F,F,F,F,F,F,F,F,F,F,F,F,F,F,F,F,F,F,F,F,F,F,F
LUX,Luxembourg,F,F,F,F,F,F,F,F,F,F,F,F,F,F,F,F,F,F,F,F,F,F,F,F,F,F
MKD,"Macedonia, FYR",,,PF,PF,PF,PF,PF,PF,PF,PF,PF,PF,PF,PF,PF,PF,PF,PF,PF,PF,PF,PF,PF,PF,PF,PF
MDG,Madagascar,PF,PF,PF,PF,PF,PF,PF,PF,PF,PF,PF,PF,PF,PF,PF,PF,PF,PF,PF,PF,PF,PF,PF,PF,PF,PF
MWI,Malawi,NF,NF,NF,NF,F,F,F,F,F,PF,PF,PF,PF,PF,PF,PF,PF,PF,PF,PF,PF,PF,PF,PF,PF,PF
MYS,Malaysia,PF,PF,PF,PF,PF,PF,PF,PF,PF,PF,PF,PF,PF,PF,PF,PF,PF,PF,PF,PF,PF,PF,PF,PF,PF,PF
MDV,Maldives,NF,NF,NF,NF,NF,NF,NF,NF,NF,NF,NF,NF,NF,NF,NF,NF,NF,NF,PF,PF,PF,PF,PF,PF,PF,PF
MLI,Mali,NF,PF,F,F,PF,F,F,F,F,F,F,F,F,F,F,F,F,F,F,F,F,F,NF,PF,PF,PF
MLT,Malta,F,F,F,F,F,F,F,F,F,F,F,F,F,F,F,F,F,F,F,F,F,F,F,F,F,F
MHL,Marshall Islands,,F,F,F,F,F,F,F,F,F,F,F,F,F,F,F,F,F,F,F,F,F,F,F,F,F
MRT,Mauritania,NF,NF,NF,NF,NF,NF,NF,NF,NF,NF,NF,PF,PF,NF,NF,PF,PF,PF,NF,NF,NF,NF,NF,NF,NF,NF
MUS,Mauritius,F,F,F,F,F,F,F,F,F,F,F,F,F,F,F,F,F,F,F,F,F,F,F,F,F,F
MEX,Mexico,PF,PF,PF,PF,PF,PF,PF,PF,PF,PF,F,F,F,F,F,F,F,F,F,F,PF,PF,PF,PF,PF,PF
MDA,Moldova,,PF,PF,PF,PF,PF,PF,PF,PF,PF,PF,PF,PF,PF,PF,PF,PF,PF,PF,PF,PF,PF,PF,PF,PF,PF
MCO,Monaco,,,,F,F,F,F,F,F,F,F,F,F,F,F,F,F,F,F,F,F,F,F,F,F,F
MNG,Mongolia,PF,F,F,F,F,F,F,F,F,F,F,F,F,F,F,F,F,F,F,F,F,F,F,F,F,F
MNE,Montenegro,,,,,,,,,,,,,,,,,PF,PF,PF,F,F,F,F,F,F,PF
MAR,Morocco,PF,PF,PF,PF,PF,PF,PF,PF,PF,PF,PF,PF,PF,PF,PF,PF,PF,PF,PF,PF,PF,PF,PF,PF,PF,PF
MOZ,Mozambique,NF,PF,PF,NF,PF,PF,PF,PF,PF,PF,PF,PF,PF,PF,PF,PF,PF,PF,PF,PF,PF,PF,PF,PF,PF,PF
MMR,Myanmar,NF,NF,NF,NF,NF,NF,NF,NF,NF,NF,NF,NF,NF,NF,NF,NF,NF,NF,NF,NF,NF,NF,NF,NF,NF,NF
NAM,Namibia,F,F,F,F,F,F,F,F,F,F,F,F,F,F,F,F,F,F,F,F,F,F,F,F,F,F
NPL,Nepal,PF,F,F,PF,PF,PF,PF,PF,PF,PF,PF,PF,PF,PF,PF,NF,PF,PF,PF,PF,PF,PF,PF,PF,PF,PF
NLD,Netherlands,F,F,F,F,F,F,F,F,F,F,F,F,F,F,F,F,F,F,F,F,F,F,F,F,F,F
NZL,New Zealand,F,F,F,F,F,F,F,F,F,F,F,F,F,F,F,F,F,F,F,F,F,F,F,F,F,F
NIC,Nicaragua,PF,PF,PF,PF,PF,PF,PF,PF,PF,PF,PF,PF,PF,PF,PF,PF,PF,PF,PF,PF,PF,PF,PF,PF,PF,PF
NER,Niger,NF,PF,PF,PF,PF,PF,NF,NF,NF,PF,PF,PF,PF,PF,PF,PF,PF,PF,PF,PF,PF,PF,PF,PF,PF,PF
NGA,Nigeria,PF,PF,PF,NF,NF,NF,NF,NF,PF,PF,PF,PF,PF,PF,PF,PF,PF,PF,PF,PF,PF,PF,PF,PF,PF,PF
PRK,"Korea, Dem. Rep.",NF,NF,NF,NF,NF,NF,NF,NF,NF,NF,NF,NF,NF,NF,NF,NF,NF,NF,NF,NF,NF,NF,NF,NF,NF,NF
NOR,Norway,F,F,F,F,F,F,F,F,F,F,F,F,F,F,F,F,F,F,F,F,F,F,F,F,F,F
OMN,Oman,NF,NF,PF,NF,NF,NF,NF,NF,NF,NF,NF,NF,NF,NF,NF,NF,NF,NF,NF,NF,NF,NF,NF,NF,NF,NF
PAK,Pakistan,PF,PF,PF,PF,PF,PF,PF,PF,PF,NF,NF,NF,NF,NF,NF,NF,NF,NF,PF,PF,PF,PF,PF,PF,PF,PF
PLW,Palau,,,,,F,F,F,F,F,F,F,F,F,F,F,F,F,F,F,F,F,F,F,F,F,F
PAN,Panama,PF,PF,PF,PF,F,F,F,F,F,F,F,F,F,F,F,F,F,F,F,F,F,F,F,F,F,F
PNG,Papua New Guinea,F,F,F,PF,PF,PF,PF,PF,F,F,F,F,F,PF,PF,PF,PF,PF,PF,PF,PF,PF,PF,PF,PF,PF
PRY,Paraguay,PF,PF,PF,PF,PF,PF,PF,PF,PF,PF,PF,PF,PF,PF,PF,PF,PF,PF,PF,PF,PF,PF,PF,PF,PF,PF
PER,Peru,PF,PF,PF,PF,PF,PF,PF,PF,PF,PF,PF,F,F,F,F,F,F,F,F,F,F,F,F,F,F,F
PHL,Philippines,PF,PF,PF,PF,PF,PF,F,F,F,F,F,F,F,F,F,PF,PF,PF,PF,PF,PF,PF,PF,PF,PF,PF
POL,Poland,F,F,F,F,F,F,F,F,F,F,F,F,F,F,F,F,F,F,F,F,F,F,F,F,F,F
PRT,Portugal,F,F,F,F,F,F,F,F,F,F,F,F,F,F,F,F,F,F,F,F,F,F,F,F,F,F
QAT,Qatar,NF,NF,NF,NF,NF,NF,NF,NF,NF,NF,NF,NF,NF,NF,NF,NF,NF,NF,NF,NF,NF,NF,NF,NF,NF,NF
ROM,Romania,NF,PF,PF,PF,PF,PF,F,F,F,F,F,F,F,F,F,F,F,F,F,F,F,F,F,F,F,F
RUS,Russian Federation,,PF,PF,PF,PF,PF,PF,PF,PF,PF,PF,PF,PF,PF,NF,NF,NF,NF,NF,NF,NF,NF,NF,NF,NF,NF
RWA,Rwanda,NF,NF,NF,NF,NF,NF,NF,NF,NF,NF,NF,NF,NF,NF,NF,NF,NF,NF,NF,NF,NF,NF,NF,NF,NF,NF
KNA,St. Kitts and Nevis,F,F,F,F,F,F,F,F,F,F,F,F,F,F,F,F,F,F,F,F,F,F,F,F,F,F
LCA,St. Lucia,F,F,F,F,F,F,F,F,F,F,F,F,F,F,F,F,F,F,F,F,F,F,F,F,F,F
VCT,St. Vincent and the Grenadines,F,F,F,F,F,F,F,F,F,F,F,F,F,F,F,F,F,F,F,F,F,F,F,F,F,F
WSM,Samoa,F,F,F,F,F,F,F,F,F,F,F,F,F,F,F,F,F,F,F,F,F,F,F,F,F,F
SMR,San Marino,,,F,F,F,F,F,F,F,F,F,F,F,F,F,F,F,F,F,F,F,F,F,F,F,F
STP,Sao Tome and Principe,PF,F,F,F,F,F,F,F,F,F,F,F,F,F,F,F,F,F,F,F,F,F,F,F,F,F
SAU,Saudi Arabia,NF,NF,NF,NF,NF,NF,NF,NF,NF,NF,NF,NF,NF,NF,NF,NF,NF,NF,NF,NF,NF,NF,NF,NF,NF,NF
SEN,Senegal,PF,PF,PF,PF,PF,PF,PF,PF,PF,PF,PF,PF,F,F,F,F,F,F,PF,PF,PF,PF,F,F,F,F
SRB,Serbia,,,,,,,,,,,,,,,,,F,F,F,F,F,F,F,F,F,F
SYC,Seychelles,NF,NF,PF,PF,PF,PF,PF,PF,PF,PF,PF,PF,PF,PF,PF,PF,PF,PF,PF,PF,PF,PF,PF,PF,PF,PF
SLE,Sierra Leone,PF,PF,NF,NF,NF,NF,PF,NF,PF,PF,PF,PF,PF,PF,PF,PF,PF,PF,PF,PF,PF,PF,F,PF,PF,PF
SGP,Singapore,PF,PF,PF,PF,PF,PF,PF,PF,PF,PF,PF,PF,PF,PF,PF,PF,PF,PF,PF,PF,PF,PF,PF,PF,PF,PF
SVK,Slovak Republic,,,,PF,F,F,PF,PF,F,F,F,F,F,F,F,F,F,F,F,F,F,F,F,F,F,F
SVN,Slovenia,,F,F,F,F,F,F,F,F,F,F,F,F,F,F,F,F,F,F,F,F,F,F,F,F,F
SLB,Solomon Islands,F,F,F,F,F,F,F,F,F,F,PF,PF,PF,PF,PF,PF,PF,PF,PF,PF,PF,PF,PF,PF,PF,PF
SOM,Somalia,NF,NF,NF,NF,NF,NF,NF,NF,NF,NF,NF,NF,NF,NF,NF,NF,NF,NF,NF,NF,NF,NF,NF,NF,NF,NF
ZAF,South Africa,PF,PF,PF,PF,F,F,F,F,F,F,F,F,F,F,F,F,F,F,F,F,F,F,F,F,F,F
KOR,"Korea, Rep.",F,F,F,F,F,F,F,F,F,F,F,F,F,F,F,F,F,F,F,F,F,F,F,F,F,F
SSD,South Sudan,,,,,,,,,,,,,,,,,,,,,,NF,NF,NF,NF,NF
ESP,Spain,F,F,F,F,F,F,F,F,F,F,F,F,F,F,F,F,F,F,F,F,F,F,F,F,F,F
LKA,Sri Lanka,PF,PF,PF,PF,PF,PF,PF,PF,PF,PF,PF,PF,PF,PF,PF,PF,PF,PF,PF,PF,PF,PF,PF,PF,PF,PF
SDN,Sudan,NF,NF,NF,NF,NF,NF,NF,NF,NF,NF,NF,NF,NF,NF,NF,NF,NF,NF,NF,NF,NF,NF,NF,NF,NF,NF
SUR,Suriname,PF,PF,PF,PF,PF,PF,PF,PF,PF,PF,F,F,F,F,F,F,F,F,F,F,F,F,F,F,F,F
SWZ,Swaziland,PF,PF,PF,NF,NF,NF,NF,NF,NF,NF,NF,NF,NF,NF,NF,NF,NF,NF,NF,NF,NF,NF,NF,NF,NF,NF
SWE,Sweden,F,F,F,F,F,F,F,F,F,F,F,F,F,F,F,F,F,F,F,F,F,F,F,F,F,F
CHE,Switzerland,F,F,F,F,F,F,F,F,F,F,F,F,F,F,F,F,F,F,F,F,F,F,F,F,F,F
SYR,Syrian Arab Republic,NF,NF,NF,NF,NF,NF,NF,NF,NF,NF,NF,NF,NF,NF,NF,NF,NF,NF,NF,NF,NF,NF,NF,NF,NF,NF
TJK,Tajikistan,,PF,NF,NF,NF,NF,NF,NF,NF,NF,NF,NF,NF,NF,NF,NF,NF,NF,NF,NF,NF,NF,NF,NF,NF,NF
TZA,Tanzania,NF,NF,PF,NF,NF,PF,PF,PF,PF,PF,PF,PF,PF,PF,PF,PF,PF,PF,PF,PF,PF,PF,PF,PF,PF,PF
THA,Thailand,F,PF,PF,PF,PF,PF,PF,PF,F,F,F,F,F,F,F,PF,NF,PF,PF,PF,PF,PF,PF,PF,NF,NF
TGO,Togo,NF,NF,NF,NF,NF,NF,NF,NF,NF,PF,PF,PF,NF,NF,NF,NF,NF,PF,PF,PF,PF,PF,PF,PF,PF,PF
TON,Tonga,PF,PF,PF,PF,PF,PF,PF,PF,PF,PF,PF,PF,PF,PF,PF,PF,PF,PF,PF,PF,PF,PF,F,F,F,F
TTO,Trinidad and Tobago,F,F,F,F,F,F,F,F,F,F,F,PF,PF,PF,PF,F,F,F,F,F,F,F,F,F,F,F
TUN,Tunisia,PF,PF,PF,NF,NF,NF,NF,PF,NF,NF,NF,NF,NF,NF,NF,NF,NF,NF,NF,NF,NF,PF,PF,PF,F,F
TUR,Turkey,PF,PF,PF,PF,PF,PF,PF,PF,PF,PF,PF,PF,PF,PF,PF,PF,PF,PF,PF,PF,PF,PF,PF,PF,PF,PF
TKM,Turkmenistan,,PF,NF,NF,NF,NF,NF,NF,NF,NF,NF,NF,NF,NF,NF,NF,NF,NF,NF,NF,NF,NF,NF,NF,NF,NF
TUV,Tuvalu,F,F,F,F,F,F,F,F,F,F,F,F,F,F,F,F,F,F,F,F,F,F,F,F,F,F
UGA,Uganda,PF,NF,NF,NF,PF,PF,PF,PF,PF,PF,PF,PF,PF,PF,PF,PF,PF,PF,PF,PF,PF,PF,PF,PF,NF,NF
UKR,Ukraine,,PF,PF,PF,PF,PF,PF,PF,PF,PF,PF,PF,PF,PF,PF,F,F,F,F,F,PF,PF,PF,PF,PF,PF
ARE,United Arab Emirates,NF,NF,PF,NF,NF,NF,NF,NF,NF,NF,NF,NF,NF,NF,NF,NF,NF,NF,NF,NF,NF,NF,NF,NF,NF,NF
GBR,United Kingdom,F,F,F,F,F,F,F,F,F,F,F,F,F,F,F,F,F,F,F,F,F,F,F,F,F,F
USA,United States,F,F,F,F,F,F,F,F,F,F,F,F,F,F,F,F,F,F,F,F,F,F,F,F,F,F
URY,Uruguay,F,F,F,F,F,F,F,F,F,F,F,F,F,F,F,F,F,F,F,F,F,F,F,F,F,F
UZB,Uzbekistan,,PF,NF,NF,NF,NF,NF,NF,NF,NF,NF,NF,NF,NF,NF,NF,NF,NF,NF,NF,NF,NF,NF,NF,NF,NF
VUT,Vanuatu,F,F,F,F,F,F,F,F,F,F,F,F,F,F,F,F,F,F,F,F,F,F,F,F,F,F
VEN,"Venezuela, RB",F,F,PF,PF,PF,PF,F,F,F,PF,PF,PF,PF,PF,PF,PF,PF,PF,PF,PF,PF,PF,PF,PF,PF,PF
VNM,Vietnam,NF,NF,NF,NF,NF,NF,NF,NF,NF,NF,NF,NF,NF,NF,NF,NF,NF,NF,NF,NF,NF,NF,NF,NF,NF,NF
YEM,"Yemen, Rep.",PF,PF,PF,PF,NF,NF,NF,NF,NF,NF,NF,NF,NF,PF,PF,PF,PF,PF,PF,NF,NF,NF,NF,NF,NF,NF
ZMB,Zambia,PF,F,F,PF,PF,PF,PF,PF,PF,PF,PF,PF,PF,PF,PF,PF,PF,PF,PF,PF,PF,PF,PF,PF,PF,PF
ZWE,Zimbabwe,PF,PF,PF,PF,PF,PF,PF,PF,PF,PF,PF,NF,NF,NF,NF,NF,NF,NF,NF,NF,NF,NF,NF,NF,NF,PF
